run_id,timestamp,git_commit,git_dirty,dataset_id,dataset_sha256,algorithm,config_id,seed,cost_weight,co2_weight,max_iterations,timeout_s,threads,cluster_enabled,cluster_target_size,matrix_mode,total_cost_vnd,total_distance_km,total_co2_kg,vehicles_used,served_orders,unassigned_orders,load_utilization_pct,matrix_build_s,solve_s,total_elapsed_s,peak_heap_mb,prune_pct,jsprit_cost
instance1000_1,2026-08-22T12:34:53,9c7e663,true,vn_hanoi_corpus,"874f1a6769467a616ac9afb16e7569f77db5555bd4afc164d26fcd0faea6f43d
",FAST_REGRET+REGRET_INSERTION,vn_n1000_cost_s42,42,1.0,0.0,2000,900,4,true,150,block,112915748,8460.74,238.19,566,900,100,68.0,207.221,1083.692,1291,,79.56,1590173943757.60
instance1000_2,2026-08-22T15:39:38,9c7e663,true,vn_hanoi_corpus,"874f1a6769467a616ac9afb16e7569f77db5555bd4afc164d26fcd0faea6f43d
",FAST_REGRET+REGRET_INSERTION,vn_n1000_cost_s42_thread1,42,1.0,0.0,2000,900,1,true,150,block,123710586,11080.99,74.69,712,900,100,60.3,192.837,2784.441,2977,,79.56,1590154846042.82
instance1000_3,2026-08-22T23:44:36,9c7e663,true,vn_hanoi_corpus,874f1a6769467a616ac9afb16e7569f77db5555bd4afc164d26fcd0faea6f43d,FAST_REGRET+REGRET_INSERTION,vn_n1000_cost_s23_thread4,23,1.0,0.0,2000,900,4,true,150,block,116162046,10298.27,69.783,658,900,100,64.8,223.105,1206.455,1429,,79.56,1590206584805.02
instance1000_4,2026-08-23T09:52:40,9c7e663,true,vn_hanoi_corpus,874f1a6769467a616ac9afb16e7569f77db5555bd4afc164d26fcd0faea6f43d,FAST_REGRET+REGRET_INSERTION,vn_n1000_cost_s12_thread4,12,1.0,0.0,2000,900,4,true,150,block,123710586,11080.99,74.685,712,900,100,60.3,235.167,1230.735,1466,,79.56,1590164044398.08
instance1000_5,2026-08-23T18:38:25,9c7e663,true,vn_hanoi_corpus,874f1a6769467a616ac9afb16e7569f77db5555bd4afc164d26fcd0faea6f43d,FAST_REGRET+REGRET_INSERTION,vn_n1000_cost_s6_thread4,6,1.0,0.0,2000,900,4,true,150,block,109322013,8972.625,66.532,615,900,100,71.3,277.639,923.047,1201,,79.56,1590182261210.87
instance1000_6,2026-08-23T19:30:59,9c7e663,true,vn_hanoi_corpus,874f1a6769467a616ac9afb16e7569f77db5555bd4afc164d26fcd0faea6f43d,FAST_REGRET+REGRET_INSERTION,vn_n1000_cost_s94_thread4,94,1.0,0.0,2000,900,4,true,150,block,116755850,10348.144,73.966,661,900,100,62.7,215.895,1179.174,1395,,79.56,1590198248469.96
instance5000_1,2026-08-23T23:40:19,9c7e663,true,vn_hanoi_corpus,874f1a6769467a616ac9afb16e7569f77db5555bd4afc164d26fcd0faea6f43d,FAST_REGRET+REGRET_INSERTION,vn_n5000_v1500_cost_s42+thread4,42,1.0,0.0,2000,900,4,true,150,block,529520721,24643.2225,4901.296,1299,4483,517,35.8,404.12,3768.961,4179,,96.68,8294532568920.69
instance5000_2,2026-08-24T06:29:15,9c7e663,true,vn_hanoi_corpus,874f1a6769467a616ac9afb16e7569f77db5555bd4afc164d26fcd0faea6f43d,FAST_REGRET+REGRET_INSERTION,vn_n5000_v1500_cost_s23+thread4,23,1.0,0.0,2000,900,4,true,150,block,531110000,23895.4133,4816.513,1283,4483,517,35.3,393.536,3911.148,4308,,96.68,8296531450793.99